LTR,Date,expNo1,expNo2,Min,Sec,EStmInt,EStmDrtn,Supra,MSEstm,stmDrtn,stmDly,MSEstmInt,AD,RS,WDS,ADDrtn,HPCDrtn,CtxDrtn,recAD,recGS,MI,Thresholded,r,theta,X,Y,pval,z
80,180613,1,3,NaN,NaN,125,2,1,0,1,0,400,NaN,5,0,12,40,28,NaN,,0.183673469,0,0.761501117,1.637664917,-0.050882567,0.75979926,5.02E-35,65.5268865
80,180613,1,3,NaN,NaN,125,2,1,1,1,0,400,NaN,5,2,6,58,44,NaN,,0.183673469,0,0.241224053,2.243241733,-0.150258677,0.18870976,0.000249189,8.204655143
80,180613,1,3,NaN,NaN,100,2,1,0,1,20,400,NaN,5,0,10,42,32,NaN,,0.31147541,0,0.680078778,0.652180391,0.540501017,0.412753915,3.53E-34,67.06353587
80,180613,1,3,NaN,NaN,100,2,1,1,1,20,400,NaN,5,3,20,80,36,NaN,,0.31147541,0,0.409681217,-0.093853867,0.407878192,-0.038393743,2.54E-15,32.22503027
80,180613,1,3,NaN,NaN,75,2,1,0,1,40,400,NaN,5,0,7,30,24,NaN,,0.4,0,0.027194294,-0.107057947,0.027038601,-0.002905807,0.974078784,0.026623067
80,180613,1,3,NaN,NaN,75,2,1,1,1,40,400,NaN,5,5,19,70,42,NaN,,0.4,0,0.482982541,-0.012685302,0.482943682,-0.006126615,5.58E-13,26.59302341
80,180613,1,3,NaN,NaN,75,2,1,0,1,60,400,NaN,5,1,17,47,30,NaN,,0.175438596,0,NaN,0,NaN,NaN,NaN,NaN
80,180613,1,3,NaN,NaN,75,2,1,1,1,60,400,NaN,5,7,24,67,19,NaN,,0.175438596,0,NaN,0,NaN,NaN,NaN,NaN
80,180614,1,2,NaN,NaN,200,2,1,1,1,20,400,NaN,5,8,17,63,18,NaN,,0.3125,0,NaN,0,NaN,NaN,NaN,NaN
80,180614,1,2,NaN,NaN,200,2,1,0,1,20,400,NaN,5,12,16,33,17,NaN,,0.3125,0,NaN,0,NaN,NaN,NaN,NaN
80,180614,1,2,NaN,NaN,250,2,1,1,1,40,400,NaN,4,8,15,55,40,NaN,,0.12244898,0,0.512512668,-1.58381484,-0.006671965,-0.512469238,1.34E-10,21.27620803
80,180614,1,2,NaN,NaN,250,2,1,0,1,40,400,NaN,4,1,4,43,39,NaN,,0.12244898,0,NaN,0,NaN,NaN,NaN,NaN
80,180616,1,1,NaN,NaN,150,2,1,1,1,20,400,NaN,1,0,1,20,4,NaN,,-0.534883721,1,0.631853703,0.054295817,0.630922568,0.034290159,4.50E-06,11.17869487
80,180616,1,1,NaN,NaN,150,2,1,0,1,20,400,NaN,2,4,1,66,4,NaN,,-0.534883721,1,0.948728647,1.997085682,-0.392294639,0.863823456,5.69E-45,68.40653952
80,180616,1,1,NaN,NaN,175,2,1,1,1,0,400,NaN,0,0,1,22,5,NaN,,-0.428571429,1,0.726729946,-0.391950285,0.671618981,-0.277604682,5.92E-12,22.18172943
80,180616,1,1,NaN,NaN,175,2,1,0,1,0,400,NaN,4,4,30,55,25,NaN,,-0.428571429,1,0.553498054,2.061357698,-0.260764629,0.488223212,7.49E-14,27.87876874
80,180619,1,1,NaN,NaN,175,2,1,0,1,60,400,NaN,5,0,20,53,33,NaN,,-0.558823529,1,0.706130393,2.562429901,-0.590975488,0.386481701,7.08E-24,45.87305216
80,180619,1,1,NaN,NaN,175,2,1,1,1,60,400,NaN,0,0,0,15,0,NaN,,-0.558823529,1,0.95232014,1.776095055,-0.194139626,0.93232154,3.06E-43,65.29778267
80,180619,1,1,NaN,NaN,175,2,1,1,1,60,400,NaN,0,0,0,15,0,NaN,,-0.605263158,1,0.818290199,-0.215334275,0.799391806,-0.174847336,9.28E-11,18.74876781
80,180619,1,1,NaN,NaN,175,2,1,0,1,60,400,NaN,5,2,21,61,26,NaN,,-0.605263158,1,0.510139326,2.034109544,-0.227988652,0.456358747,6.01E-08,15.6145279
80,180619,1,1,NaN,NaN,175,2,1,1,1,40,400,NaN,0,0,0,12,0,NaN,,-0.647058824,1,0.343493479,-1.026016106,0.178008673,-0.293769778,0.064855647,2.71371871
80,180619,1,1,NaN,NaN,175,2,1,0,1,40,400,NaN,5,0,20,56,36,NaN,,-0.647058824,1,0.5466133,-1.074312335,0.260372136,-0.48061674,5.06E-05,9.262369099
80,180619,1,1,NaN,NaN,175,2,1,1,1,40,400,NaN,0,0,0,23,0,NaN,,-0.445783133,1,0.627050983,2.743680802,-0.578060837,0.242978608,6.99E-18,35.38736418
80,180619,1,1,NaN,NaN,175,2,1,0,1,40,400,NaN,5,0,21,60,39,NaN,,-0.445783133,1,NaN,0,NaN,NaN,NaN,NaN
80,180619,1,1,NaN,NaN,175,2,1,1,1,20,400,NaN,0,0,0,23,0,NaN,,-0.41025641,1,0.723310494,-3.082975744,-0.722068223,-0.04237395,6.89E-20,37.66882107
80,180619,1,1,NaN,NaN,175,2,1,0,1,20,400,NaN,5,0,19,55,36,NaN,,-0.41025641,1,0.641699599,-1.386854608,0.11737084,-0.630874362,4.60E-06,11.11801613
80,180619,1,1,NaN,NaN,175,2,1,1,1,0,400,NaN,0,0,0,19,0,NaN,,-0.506493506,1,0.879587054,2.881085715,-0.849909374,0.226555606,7.38E-30,50.28877012
80,180619,1,1,NaN,NaN,175,2,1,0,1,0,400,NaN,5,1,28,58,30,NaN,,-0.506493506,1,0.471989656,0.598107073,0.39005365,0.26576754,0.000111372,8.688195194
80,180620,1,1,NaN,NaN,175,2,1,0,1,0,400,NaN,5,1,13,57,44,NaN,,-0.461538462,1,0.493254436,2.836557724,-0.470484066,0.148137374,7.52E-12,24.08669389
80,180620,1,1,NaN,NaN,175,2,1,1,1,0,400,NaN,0,0,0,21,0,NaN,,-0.461538462,1,0.673039803,2.38870022,-0.491126712,0.460192491,1.31E-21,42.1273796
80,180620,1,1,NaN,NaN,175,2,1,0,1,20,400,NaN,5,0,13,55,29,NaN,,-0.157894737,0,NaN,0,NaN,NaN,NaN,NaN
80,180620,1,1,NaN,NaN,175,2,1,1,1,20,400,NaN,5,0,17,40,19,NaN,,-0.157894737,0,0.868307068,2.873914235,-0.837384515,0.229661356,1.44E-47,81.42737375
80,180620,1,1,NaN,NaN,175,2,1,0,1,40,400,NaN,5,0,14,50,32,NaN,,0.122807018,0,0.625977468,0.378001395,0.581786027,0.231025558,7.14E-08,14.89021602
80,180620,1,1,NaN,NaN,175,2,1,1,1,40,400,NaN,5,2,25,64,30,NaN,,0.122807018,0,0.94951816,1.84195922,-0.254330356,0.914822827,1.76E-50,76.63470251
80,180620,1,1,NaN,NaN,150,2,1,0,1,60,400,NaN,5,1,16,90,34,NaN,,-0.343283582,1,0.57295605,0.351574164,0.537909344,0.197312375,1.72E-05,10.17663771
80,180620,1,1,NaN,NaN,150,2,1,1,1,60,400,NaN,5,0,17,44,27,NaN,,-0.343283582,1,0.661117579,2.267493159,-0.424231068,0.507054685,1.11E-14,28.40996943
80,180620,1,1,NaN,NaN,140,2,1,1,1,60,400,NaN,0,0,0,26,0,NaN,,-0.415730337,1,NaN,0,NaN,NaN,NaN,NaN
80,180620,1,1,NaN,NaN,140,2,1,0,1,60,400,NaN,5,3,21,63,40,NaN,,-0.415730337,1,0.961324958,2.010103364,-0.408863429,0.870043891,9.23E-54,79.47652812
80,180620,1,1,NaN,NaN,175,2,1,1,1,40,400,NaN,0,0,0,10,0,NaN,,-0.710144928,1,0.492630974,1.595446433,-0.012142176,0.492481314,1.45E-09,19.17213687
80,180620,1,1,NaN,NaN,175,2,1,0,1,40,400,NaN,5,0,21,59,29,NaN,,-0.710144928,1,0.89722568,2.972101148,-0.884369036,0.151345072,8.21E-45,74.0612808
80,180620,1,1,NaN,NaN,175,2,1,1,1,20,400,NaN,0,0,0,19,0,NaN,,-0.506493506,1,0.50526422,-1.15408336,0.20450918,-0.462025895,1.92E-07,14.55164014
80,180620,1,1,NaN,NaN,175,2,1,0,1,20,400,NaN,5,0,22,58,20,NaN,,-0.506493506,1,0.700230464,2.27303966,-0.452301166,0.534552483,6.71E-26,50.01291561
80,180620,1,1,NaN,NaN,175,2,1,1,1,0,400,NaN,0,0,0,18,0,NaN,,-0.712,1,0.396408334,-0.369005244,0.369724742,-0.142979656,1.58E-05,10.68549056
80,180620,1,1,NaN,NaN,175,2,1,0,1,0,400,NaN,5,0,21,107,26,NaN,,-0.712,1,0.777042627,1.800318613,-0.176786805,0.756664834,0.000236336,7.245542936
80,180623,1,3,NaN,NaN,100,2,1,1,1,20,400,NaN,0,0,0,18,0,NaN,,-0.532467532,1,0.283869716,1.798585836,-0.06410479,0.276536781,0.157177896,1.853386358
80,180623,1,3,NaN,NaN,100,2,1,0,1,20,400,NaN,3,1,0,59,0,NaN,,-0.532467532,1,0.984777593,2.557982089,-0.821775754,0.542652299,3.54E-24,33.94254177
80,180623,1,3,NaN,NaN,100,2,1,1,1,40,400,NaN,0,0,0,20,0,NaN,,-0.56043956,1,0.682227921,-1.983868339,-0.27386324,-0.62484707,2.42E-07,13.49761313
80,180623,1,3,NaN,NaN,100,2,1,0,1,40,400,NaN,3,14,0,71,0,NaN,,-0.56043956,1,0.886321407,-2.901965389,-0.860996109,-0.210360017,5.13E-31,51.84733196
80,180623,1,3,NaN,NaN,100,2,1,1,1,60,400,NaN,0,0,0,15,0,NaN,,-0.620253165,1,0.298258069,-0.762045081,0.215767521,-0.205918072,0.203472562,1.60124176
80,180623,1,3,NaN,NaN,100,2,1,0,1,60,400,NaN,3,7,0,64,0,NaN,,-0.620253165,1,0.58600011,2.471623364,-0.459330758,0.363883751,3.69E-12,24.03772905
99,181108,1,1,1,0,150,2,1,0,1,60,400,1,5,0,0.124,40.598,38.618,NaN,,0.238297154,0,0.350821338,1.756864989,-0.064900844,0.34476585,5.01E-10,20.79977824
99,181108,1,1,35,30,150,2,1,1,1,60,400,1,5,0,3,66,36,NaN,,0.238297154,0,0.141450588,1.531317125,0.005582906,0.141340369,0.018844701,3.961637204
99,181108,1,1,68,0,100,2,1,0,1,40,400,1,4,0,7,14,8,NaN,,0.717171717,0,0.544185561,1.564812139,0.003256489,0.544175817,5.94E-13,26.06013737
99,181108,1,1,101,24,100,2,1,1,1,40,400,1,5,0,6,85,53,NaN,,0.717171717,0,0.056354625,1.749728447,-0.010029931,0.055454885,0.549292444,0.600234477
100,181108,1,1,1,0,150,2,1,1,1,60,400,1,1,0,0,11,0,NaN,,-0.565612289,1,0.109023558,2.33984339,-0.07582052,0.078341463,0.78309668,0.24960886
100,181108,1,1,35,30,150,2,1,0,1,60,400,1,5,0,0,39.646,40.298,NaN,,-0.565612289,1,0.234830783,1.890561524,-0.07381757,0.222927035,0.000292588,8.05124252
100,181108,1,1,68,0,150,2,1,1,1,40,400,1,0,0,0,0,0,NaN,,-1,1,NaN,0,NaN,NaN,NaN,NaN
100,181108,1,1,101,24,150,2,1,0,1,40,400,1,4,0,8.746,10.864,1.262,NaN,,-1,1,0.791053255,-2.875716323,-0.76325771,-0.207853125,3.06E-10,18.14719232
99,181108,1,2,33,6,100,2,1,0,1,0,400,1,5,1,4.596,72.074,59.64,NaN,,-0.920078856,1,0.4775564,1.562904414,0.003768794,0.477541528,3.57E-20,42.19112128
99,181108,1,2,67,2,100,2,1,1,1,0,400,1,0,0,0,3,0,NaN,,-0.920078856,1,NaN,0,NaN,NaN,NaN,NaN
99,181109,1,1,1,0,100,2,1,0,1,0,400,1,5,0,0,42.304,50.146,NaN,,-1,1,0.211476686,2.820931735,-0.20069715,0.066656153,0.002732349,5.858632912
99,181109,1,1,32,40,100,2,1,1,1,0,400,0,0,0,0,0,0,NaN,,-1,1,NaN,0,NaN,NaN,NaN,NaN
100,181109,1,1,144,25,350,2,1,1,1,60,400,1,0,0,0,0,0,NaN,,-1,1,NaN,0,NaN,NaN,NaN,NaN
100,181109,1,1,176,26,350,2,1,0,1,60,400,1,5,0,5.298,65.996,43.428,NaN,,-1,1,0.146281868,2.53867707,-0.120490304,0.082948607,0.02904277,3.530733501
99,181110,1,1,0,30,150,2,1,0,1,20,400,1,5,0,1.462,49.018,50.274,NaN,,0.240137035,0,0.303833391,1.429203575,0.042877,0.300792773,7.32E-10,20.5861847
99,181110,1,1,30,25,150,2,1,1,1,20,400,1,5,0,0,80,33,NaN,,0.240137035,0,0.281300052,1.604169735,-0.009386199,0.281143412,2.77E-08,17.09201931
100,181110,1,1,0,30,300,2,1,1,1,20,400,1,0,0,0,0,3,NaN,,-1,1,NaN,0,NaN,NaN,NaN,NaN
100,181110,1,1,30,25,300,2,1,0,1,20,400,1,5,0,3.31,43.888,33.926,NaN,,-1,1,0.093849501,2.824854991,-0.089181106,0.029231132,0.307761735,1.180235659
100,181110,1,2,0,30,325,2,1,1,1,60,400,1,0,0,0,9,0,NaN,,-0.297314179,0,0.172538282,-0.389709885,0.159601244,-0.065550756,0.707987238,0.357233506
100,181110,1,2,32,0,325,2,1,0,1,60,400,1,5,0,3.748,16.616,13.432,NaN,,-0.297314179,0,0.295380141,-3.025919887,-0.293406222,-0.034091295,6.71E-06,11.6914233
100,181110,1,3,1,30,500,2,1,1,1,40,400,1,5,1,15,60,25,NaN,,-0.258765103,0,0.28805445,1.619536987,-0.014034406,0.287712359,2.76E-09,19.33326025
100,181110,1,3,29,28,500,2,1,0,1,40,400,1,5,0,2.55,101.892,45.808,NaN,,-0.258765103,0,0.312231855,1.898891378,-0.10061368,0.295576756,4.40E-10,21.05756592
99,181111,1,1,1,14,150,2,1,0,1,0,400,1,5,0,4.78,37.53,37.634,NaN,,-0.72432805,1,0.379478546,1.298236206,0.102154839,0.365470048,1.06E-15,33.26491638
99,181111,1,1,34,14,150,2,1,1,1,0,400,1,1,0,0,6,0,NaN,,-0.72432805,1,0.170078333,2.366306937,-0.121473532,0.119041256,0.534402072,0.63638607
99,181111,1,1,81,50,150,2,1,0,1,40,400,1,5,0,4.01,70.492,32.198,NaN,,-0.709062697,1,0.086034556,2.566788219,-0.072208686,0.046774464,0.871732679,0.140636952
99,181111,1,1,116,0,150,2,1,1,1,40,400,1,0,0,0,12,0,NaN,,-0.709062697,1,0.514334706,1.586670939,-0.008164521,0.5142699,8.94E-25,51.58533694
99,181111,1,1,150,17,150,2,1,0,1,60,400,1,5,0,5.176,49.224,32.082,NaN,,-0.532884903,1,0.1588521,2.082405828,-0.077771017,0.138512305,0.189508369,1.665443317
99,181111,1,1,183,14,150,2,1,1,1,60,400,1,1,0,3.012,15,1.986,NaN,,-0.532884903,1,0.436865915,1.629281329,-0.025535541,0.436118979,3.52E-19,40.46058743
99,181111,1,1,218,0,150,2,1,0,1,20,400,1,5,0,6.8,69.534,32.016,NaN,,-0.770799908,1,0.110071382,-3.023043254,-0.109298818,-0.013018353,0.497185614,0.702711136
99,181111,1,1,250,58,150,2,1,1,1,20,400,1,1,0,0,9,0,NaN,,-0.770799908,1,0.418511651,1.522027618,0.020402183,0.418014059,5.53E-18,38.00798448
99,181111,1,1,438,33,750,2,1,0,1,0,400,1,5,0,13.852,46.206,29.018,NaN,,-0.770141363,1,0.275647174,-0.433584096,0.250140385,-0.115806528,0.300981569,1.215701828
99,181111,1,1,468,54,750,2,1,1,1,0,400,1,0,0,0,6,0,NaN,,-0.770141363,1,0.362429336,1.64038901,-0.025202075,0.361552042,2.43E-15,32.57604584
100,181111,1,1,150,17,500,2,1,1,1,60,400,1,5,0,24,43,19,NaN,,-0.275276827,0,0.331041363,1.865833151,-0.09625858,0.316737541,3.86E-13,27.83544949
100,181111,1,1,183,14,500,2,1,0,1,60,400,1,4,1,15.87,75.666,13.364,NaN,,-0.275276827,0,0.510923889,0.493675716,0.449918052,0.242109412,1.76E-17,36.02396441
100,181111,1,1,218,0,500,2,1,1,1,20,400,1,0,0,0,3,0,NaN,,-0.939846006,1,0.444502398,1.655428791,-0.03757444,0.442911439,1.93E-13,27.85911578
100,181111,1,1,250,58,500,2,1,0,1,20,400,1,5,4,2.252,96.744,35.782,NaN,,-0.939846006,1,0.519903624,2.366753135,-0.37148846,0.363725311,0.035561283,3.243597338
100,181111,1,1,283,6,500,2,1,1,1,20,400,1,4,0,29,56,12,NaN,,-0.191475845,0,0.112629889,1.961773074,-0.042922309,0.10413053,0.029637814,3.513881245
100,181111,1,1,313,44,500,2,1,0,1,20,400,1,4,2,1.934,82.524,48.378,NaN,,-0.191475845,0,0.292485752,2.187285005,-0.169107598,0.238643114,2.89E-08,17.02403516
100,181111,1,1,347,0,500,2,1,1,1,60,400,1,0,2,0,1,0,NaN,,-0.978975696,1,0.327433962,1.647796383,-0.025187527,0.326463762,6.08E-10,20.69210894
100,181111,1,1,380,1,500,2,1,0,1,60,400,1,5,0,10.47,94.128,38.248,NaN,,-0.978975696,1,0.362513826,-2.646298582,-0.31895017,-0.172299343,0.240029007,1.445579018
100,181111,1,1,500,28,750,2,1,1,1,40,400,1,5,0,32,53,13,NaN,,0.41752922,0,0.249210588,-2.739340932,-0.229319047,-0.097563784,0.003758882,5.527426647
100,181111,1,1,532,0,750,2,1,0,1,40,400,1,1,0,2.514,21.778,0,NaN,,0.41752922,0,0.147926568,1.266138491,0.044373057,0.141114497,0.003462547,5.645625542
127,200814,3,3,1,0,400,2,1,0,1,0,600,1,3,2,3.482,21.764,9.788,NaN,,-0.067804926,0,0.896757019,2.06866867,-0.428252825,0.78789128,1.03E-60,100.5216439
127,200814,3,3,31,0,400,2,1,1,1,0,600,1,3,5,0.88,19,4,NaN,,-0.067804926,0,0.398732575,2.794347534,-0.374933739,0.135692144,5.47E-11,22.7352363
127,200814,3,3,64,0,300,2,1,0,1,20,600,1,4,0,0,14.584,7,NaN,,0.046298718,0,0.918033253,1.961639556,-0.349741467,0.848802663,3.69E-34,54.78102848
127,200814,3,3,96,0,300,2,1,1,1,20,600,1,2,0,1.892,16,0,NaN,,0.046298718,0,0.785644943,2.383344865,-0.570411252,0.540248999,7.75E-46,84.56160286
128,200814,3,3,1,0,150,2,1,1,1,0,600,1,5,2,1.742,21,18,NaN,,-0.041970803,0,0.702894306,1.894980253,-0.223896668,0.666281238,9.54E-65,126.4794639
128,200814,3,3,31,0,150,2,1,0,1,0,600,1,5,1,2.196,22.84,19.9,NaN,,-0.041970803,0,0.872702649,1.706658819,-0.118203128,0.864660589,2.74E-120,205.6346765
128,200814,3,3,64,0,100,2,1,1,1,20,600,1,5,3,0,39,35,NaN,,0.019901148,0,0.919015972,2.852452021,-0.880866939,0.262037771,6.23E-108,173.1410233
128,200814,3,3,96,0,100,2,1,0,1,20,600,1,2,4,2.422,37.478,38.22,NaN,,0.019901148,0,0.913776601,2.881826862,-0.883119544,0.234707366,1.37E-81,131.9280529
127,200814,3,4,1,0,300,2,1,0,1,40,600,1,2,2,0,36,35,NaN,,-0.384615385,1,0.872976465,2.365509748,-0.623010906,0.611510686,1.18E-41,70.87417552
127,200814,3,4,31,0,300,2,1,1,1,40,600,1,2,4,4.39,16,16,NaN,,-0.384615385,1,0.689934108,2.308236063,-0.463908265,0.510684047,1.39E-29,57.59709796
127,200814,3,5,1,0,325,2,1,0,1,60,600,1,3,2,2.986,17,13,NaN,,0.105263158,0,0.789869625,2.214812565,-0.47424722,0.631651485,1.13E-28,52.40709804
127,200814,3,5,31,0,325,2,1,1,1,60,600,1,2,0,2.852,21,18,NaN,,0.105263158,0,0.707770226,2.174675384,-0.401900062,0.582593369,4.38E-28,54.10137889
127,200814,3,5,61,30,325,2,1,0,1,60,600,1,4,0,2.688,19.084,11.45,NaN,,0.114102683,0,0.84119282,2.088460217,-0.416265498,0.730977698,1.82E-35,62.26927171
127,200814,3,5,91,30,325,2,1,1,1,60,600,1,2,1,1.302,24,9,NaN,,0.114102683,0,0.804811209,2.043065049,-0.366114928,0.716715384,1.27E-45,82.9082986
127,200814,3,5,122,0,325,2,1,0,1,40,600,1,4,0,0,13.856,12,NaN,,0.156561967,0,0.861613296,2.082618635,-0.421989625,0.751200524,4.01E-25,43.05789333
127,200814,3,5,152,0,325,2,1,1,1,40,600,1,2,0,13.862,19,13,NaN,,0.156561967,0,0.585227801,2.122037145,-0.306509932,0.498541112,1.00E-16,33.56417474
128,200814,3,5,1,0,125,2,1,1,1,60,400,1,4,1,1.018,42,24,NaN,,-0.223027971,0,0.76421206,2.854581759,-0.732951457,0.216338239,5.82E-40,74.75456926
128,200814,3,5,31,0,125,2,1,0,1,60,400,1,5,1,1.202,66.112,66.422,NaN,,-0.223027971,0,0.671811395,3.061827224,-0.66967532,0.053530517,4.01E-25,49.19503
128,200814,3,5,61,0,110,2,1,1,1,60,400,1,0,0,0,1,0,NaN,,-0.945328304,1,NaN,0,NaN,NaN,NaN,NaN
128,200814,3,5,91,30,110,2,1,0,1,60,400,1,5,0,2.256,35.582,24.626,NaN,,-0.945328304,1,0.805285676,3.063818468,-0.802851388,0.062567317,6.32E-44,79.76365748
128,200814,3,5,122,0,125,2,1,1,1,40,400,1,5,0,1.994,9,7,NaN,,-0.397307976,1,0.742183727,2.960174647,-0.73000363,0.13390812,3.55E-35,66.65123891
128,200814,3,5,152,0,125,2,1,0,1,40,400,1,5,0,0.43,20.866,45.236,NaN,,-0.397307976,1,0.83661155,2.954980485,-0.822086652,0.155217338,2.96E-50,88.88969848
127,200815,2,1,63,30,375,2,1,0,1,60,600,1,2,0,0.86,15.856,14,NaN,,0.204335608,0,0.685587688,2.212091639,-0.4101418,0.549376176,4.93E-14,26.79173725
127,200815,2,1,93,30,375,2,1,1,1,60,600,1,2,0,0,24,23,NaN,,0.204335608,0,0.577357516,-3.002364054,-0.571770627,-0.080125226,6.90E-17,34.00085355
127,200815,2,1,123,30,425,2,1,0,1,60,600,1,2,0,2.258,21.88,13.38,NaN,,0.325524044,0,0.55693116,2.824978011,-0.529248839,0.17340122,3.07E-16,32.87826561
127,200815,2,1,153,30,425,2,1,1,1,60,600,1,2,3,0,43,17,NaN,,0.325524044,0,0.436768578,2.641302943,-0.383239807,0.209509048,1.16E-09,19.64897948
127,200815,2,1,183,30,500,2,1,0,1,40,600,1,4,0,2.946,16.314,14,NaN,,0.246710071,0,0.645681412,-3.055036602,-0.643264216,-0.055817875,1.43E-30,60.86805498
127,200815,2,1,213,30,500,2,1,1,1,40,600,1,2,2,0,27,7,NaN,,0.246710071,0,0.732816072,2.350428641,-0.515182874,0.521158327,5.17E-18,33.83222189
127,200815,2,1,249,30,500,2,1,0,1,20,600,1,2,0,2.698,22.956,17,NaN,,0.080951237,0,0.580058072,2.627844075,-0.505177453,0.285066849,1.06E-17,35.66554093
127,200815,2,1,279,30,500,2,1,1,1,20,600,1,2,2,0,27,2,NaN,,0.080951237,0,0.69700319,2.212076885,-0.416962699,0.558529815,2.76E-16,31.09206059
127,200815,2,1,312,30,600,2,1,0,1,0,600,1,3,2,14.056,31.552,11.372,NaN,,-0.059645352,0,0.499808153,3.051998454,-0.497803484,0.044720026,6.47E-09,17.73638148
127,200815,2,1,342,30,600,2,1,1,1,0,600,1,2,3,0,28,13,NaN,,-0.059645352,0,0.45592425,3.094499297,-0.455418773,0.021463068,1.87E-07,14.75855145
128,200815,2,1,3,30,125,2,1,1,1,20,400,1,5,0,0,27,21,NaN,,0.164897748,0,0.419055643,-3.050514042,-0.417318745,-0.03811426,2.56E-07,14.57543347
128,200815,2,1,33,30,125,2,1,0,1,20,400,1,5,3,1.308,19.356,17.696,NaN,,0.164897748,0,0.810006562,2.942340716,-0.793980518,0.16032956,9.81E-42,75.45272245
127,200816,2,1,2,30,700,2,1,0,1,0,600,1,5,0,0.662,21.406,13.818,NaN,,0.291262457,0,0.502432645,-1.261826468,0.152778431,-0.478641111,3.50E-14,29.03043469
127,200816,2,1,32,30,700,2,1,1,1,0,600,1,3,3,0.288,39,13,NaN,,0.291262457,0,0.805041242,-0.947798034,0.469719661,-0.653800307,3.34E-61,111.471721
127,200816,2,1,62,30,600,2,1,0,1,40,600,1,3,0,0.84,28.088,18.89,NaN,,0.315661242,0,0.425046867,-1.095830581,0.194377326,-0.377997743,3.27E-12,25.29307743
127,200816,2,1,92,30,600,2,1,1,1,40,600,1,1,0,0.424,54,13,NaN,,0.315661242,0,0.478051435,-0.713384108,0.361479387,-0.312835144,2.83E-21,44.56396904
127,200816,2,1,123,0,600,2,1,0,1,20,600,1,2,0,15.326,19.476,3.286,NaN,,0.310291097,0,0.278356183,-1.832594186,-0.072043471,-0.268871537,2.23E-05,10.53757442
127,200816,2,1,153,0,600,2,1,1,1,20,600,1,1,0,0.736,37,18,NaN,,0.310291097,0,0.314814696,-1.001688769,0.169647496,-0.265194306,1.90E-09,19.62344195
128,200816,2,1,2,30,175,2,1,1,1,0,400,1,5,1,1.28,41,26,NaN,,-0.002044592,0,0.732845675,2.910396262,-0.713346811,0.167925904,6.06E-40,76.26291516
128,200816,2,1,32,30,175,2,1,0,1,0,400,1,5,1,1.822,41.168,34.29,NaN,,-0.002044592,0,0.822009626,3.106529479,-0.821504378,0.028816361,9.02E-47,83.78677835
128,200816,2,2,2,0,400,2,1,1,1,60,400,1,5,2,1.822,34,28,NaN,,0.076869477,0,0.529790824,2.869223544,-0.510260762,0.14252113,1.72E-21,44.34717413
128,200816,2,2,32,30,400,2,1,0,1,60,400,1,5,2,1.496,29.146,29.34,NaN,,0.076869477,0,0.74262822,2.924579194,-0.725209762,0.159898325,5.88E-39,73.90055421
128,200816,2,2,62,30,350,2,1,1,1,20,400,1,5,2,0,33,31,NaN,,-0.031292197,0,0.720032296,2.713863012,-0.65516448,0.298673754,3.19E-37,71.54561801
128,200816,2,2,93,30,350,2,1,0,1,20,400,1,5,0,2.61,35.132,32.85,NaN,,-0.031292197,0,0.734669754,2.826834228,-0.698576307,0.227444039,3.34E-33,63.14953872
127,200818,2,1,1,30,450,2,1,0,1,40,600,1,2,0,1.506,23.51,20,NaN,,-0.033179521,0,0.669623051,1.374880629,0.130352035,0.656813046,1.64E-28,56.04937873
127,200818,2,1,31,0,450,2,1,1,1,40,600,1,1,0,0,22,11,NaN,,-0.033179521,0,0.780204335,1.610008915,-0.030585992,0.779604581,3.21E-64,119.3088858
127,200818,2,1,61,0,450,2,1,0,1,0,600,1,3,0,0,26.948,11.11,NaN,,-0.037499037,0,0.690409659,1.263929318,0.208554456,0.658156923,7.86E-31,60.05985258
127,200818,2,1,91,0,450,2,1,1,1,0,600,1,1,1,0,25,7,NaN,,-0.037499037,0,0.941789272,-0.942615679,0.553464783,-0.761999847,6.34E-117,180.0543077
127,200818,2,1,121,30,450,2,1,0,1,0,600,1,3,0,1.852,23.856,13.848,NaN,,-0.40926276,1,0.809759663,1.341410666,0.184122601,0.788549035,3.47E-53,96.38947473
127,200818,2,1,151,30,450,2,1,1,1,0,600,1,1,0,53.906,10,0,NaN,,-0.40926276,1,0.982088409,-0.799378365,0.684665397,-0.704081626,3.25E-170,234.3729271
127,200818,2,1,184,30,450,2,1,0,1,40,600,1,1,0,1.348,25.248,4.43,NaN,,-0.115983027,0,0.888044873,1.287153735,0.248523389,0.852560743,1.56E-56,94.63484347
127,200818,2,1,213,30,450,2,1,1,1,40,600,1,1,1,47.886,20,2,NaN,,-0.115983027,0,0.782043872,1.440176727,0.101860033,0.775381939,1.99E-74,138.2199317
128,200818,2,1,1,30,175,2,1,1,1,40,400,1,5,2,0.556,9,7,NaN,,-0.48105864,1,0.414831984,2.395458544,-0.304618815,0.281590043,2.01E-21,45.60267733
128,200818,2,1,31,0,175,2,1,0,1,40,400,1,5,3,0.382,25.686,28.462,NaN,,-0.48105864,1,0.401027192,2.521996164,-0.326481388,0.23287918,1.31E-21,46.1561462
128,200818,2,1,61,0,150,2,1,1,1,0,400,1,5,2,0.49,36,11,NaN,,-0.114042428,0,0.437819853,2.171676021,-0.247529465,0.361130707,1.02E-26,56.93080838
128,200818,2,1,91,0,150,2,1,0,1,0,400,1,5,4,0,45.268,43.572,NaN,,-0.114042428,0,0.365022124,2.374272639,-0.262733333,0.253401553,5.14E-18,38.50669261
128,200818,2,1,121,30,150,2,1,1,1,0,400,1,5,3,0.022,19,4,NaN,,-0.197397879,0,0.432459933,2.336917303,-0.299844026,0.311633044,3.20E-26,55.91945655
128,200818,2,1,151,30,150,2,1,0,1,0,400,1,5,2,0.308,28.346,28.312,NaN,,-0.197397879,0,0.356063252,2.592815842,-0.303780074,0.185738273,1.10E-18,40.06280848
128,200818,2,1,184,30,150,2,1,1,1,40,400,1,4,1,0.746,41,14,NaN,,0.153499887,0,0.295749549,2.387627037,-0.215595507,0.202450914,1.51E-11,24.40351497
128,200818,2,1,213,30,150,2,1,0,1,40,400,1,5,1,0.154,30.088,29.798,NaN,,0.153499887,0,0.712064502,2.405509718,-0.527713933,0.478073069,2.91E-66,128.7871071
129,200814,2,1,2,30,50,2,1,0,1,0,400,1,2,3,0.44,29.726,30.906,NaN,,-0.066862865,0,0.504509923,-2.993010221,-0.498951194,-0.074685799,2.19E-24,50.90605246
129,200814,2,1,32,30,50,2,1,1,1,0,400,1,2,4,0.66,26,17,NaN,,-0.066862865,0,0.455536289,-0.112048629,0.452679675,-0.050935479,2.08E-18,38.5974758
129,200814,2,1,62,30,75,2,1,0,1,20,400,1,5,1,0,26.032,22.578,NaN,,0.287107022,0,0.259008168,-0.89404913,0.162206562,-0.201926379,6.18E-07,14.08789854
129,200814,2,1,92,30,75,2,1,1,1,20,400,1,5,0,34.366,47,23,NaN,,0.287107022,0,0.386874924,-1.816551617,-0.09412241,-0.375250821,4.51E-18,38.46575721
129,200814,2,1,125,30,60,2,1,0,1,40,400,1,5,0,24.998,24.558,26.332,NaN,,0.115950898,0,0.413360097,-0.268141495,0.398588654,-0.109515543,9.18E-17,35.36937988
129,200814,2,1,155,30,60,2,1,1,1,40,400,1,4,0,0,31,26,NaN,,0.115950898,0,0.430486169,-0.908442002,0.264738253,-0.339458391,8.15E-21,44.10576537
129,200814,2,1,185,30,50,2,1,0,1,60,400,1,5,0,0.536,30.316,31.442,NaN,,0.194965213,0,0.304204138,-0.286141175,0.291835252,-0.085862351,5.98E-08,16.28706774
129,200814,2,1,215,30,50,2,1,1,1,60,400,1,5,1,0.692,45,30,NaN,,0.194965213,0,0.297751353,-0.657003701,0.235767192,-0.18185076,5.29E-10,20.92278485
130,200814,2,1,62,30,350,2,1,1,1,20,400,1,5,4,0.712,30,10,NaN,,0.018053482,0,0.294652093,-2.653970399,-0.260310212,-0.138052343,1.08E-09,20.22902645
130,200814,2,1,92,30,350,2,1,0,1,20,400,1,5,5,1.822,28.936,19.932,NaN,,0.018053482,0,0.195742262,-1.437547886,0.026005237,-0.194007115,0.000707406,7.203226209
130,200814,2,1,125,30,300,2,1,1,1,40,400,1,5,0,1.378,44,24,NaN,,0.387531141,0,0.256581442,-2.981968707,-0.253319554,-0.040782836,1.99E-07,15.20766236
130,200814,2,1,155,30,300,2,1,0,1,40,400,1,5,3,0.746,19.422,20.796,NaN,,0.387531141,0,0.365250253,1.426143374,0.052650465,0.361435577,3.39E-08,16.67596843
130,200814,2,1,185,30,275,2,1,1,1,60,400,1,5,3,0.93,39,29,NaN,,-0.14057163,0,0.122516395,-0.345027082,0.11529605,-0.04143776,0.036072004,3.317269019
130,200814,2,1,215,30,275,2,1,0,1,60,400,1,5,2,31.186,51.758,43.574,NaN,,-0.14057163,0,0.273473827,-2.369575241,-0.195945315,-0.190770459,1.83E-07,15.25673857
130,200814,2,2,2,0,125,2,1,1,1,60,800,1,2,9,1.47,1,0,NaN,,-0.875,1,0.205063797,-0.062142993,0.204667972,-0.012735078,0.000776027,7.106646208
130,200814,2,2,32,0,125,2,1,0,1,60,800,1,2,0,0,15,14,NaN,,-0.875,1,0.645062105,1.464032017,0.068738848,0.641389187,5.53E-17,33.28840952
129,200814,2,3,29,0,37,2,1,0,1,40,600,1,5,0,1.158,31.66,22.068,NaN,,0.205121768,0,0.293629238,0.088783074,0.292472742,0.026035072,1.47E-07,15.43304519
129,200814,2,3,63,0,37,2,1,1,1,40,600,1,5,0,0.298,48,27,NaN,,0.205121768,0,0.314210269,-0.214005343,0.307042541,-0.066730584,8.43E-13,27.15022556
129,200815,3,1,5,0,50,2,1,0,1,20,600,1,2,3,0.812,32.172,32.706,NaN,,0.027624977,0,0.513379423,2.160917905,-0.285676163,0.426553117,2.21E-19,40.06088166
129,200815,3,1,35,30,50,2,1,1,1,20,600,1,2,3,0.2,34,5,NaN,,0.027624977,0,0.373140195,-1.420879863,0.055730553,-0.36895489,9.50E-16,33.41606529
129,200815,3,1,65,30,60,2,1,0,1,60,600,1,5,0,0,26.304,28.5,NaN,,0.168962467,0,0.250403108,-0.374567143,0.233041678,-0.091614915,3.90E-06,12.28953643
129,200815,3,1,95,30,60,2,1,1,1,60,600,1,4,2,0,37,28,NaN,,0.168962467,0,0.266477368,-0.736948729,0.197332501,-0.179081187,3.08E-06,12.497793
129,200815,3,1,126,0,55,2,1,0,1,60,600,1,5,1,0,51.716,52.92,NaN,,-0.037265835,0,0.362210257,-0.582297309,0.302518537,-0.199195394,1.97E-12,26.10805779
129,200815,3,1,157,30,55,2,1,1,1,60,600,1,5,1,0,48,34,NaN,,-0.037265835,0,0.233193669,-0.795159097,0.163275487,-0.166494452,1.50E-05,10.98461604
130,200815,3,1,5,0,300,2,1,1,1,20,600,1,2,4,2.374,27,0,NaN,,0.058782009,0,0.289432541,-0.997524276,0.15698355,-0.243161183,0.017167647,4.021017401
130,200815,3,1,35,30,300,2,1,0,1,20,600,1,5,0,1.478,24.002,21.174,NaN,,0.058782009,0,0.11087229,-2.966535244,-0.109177778,-0.019310036,0.319632696,1.143217811
130,200815,3,1,65,30,300,2,1,1,1,60,600,1,4,0,1.572,22,16,NaN,,-0.355802173,1,0.228038724,-2.368901636,-0.163283653,-0.159185766,0.001032053,6.812217385
130,200815,3,1,95,30,300,2,1,0,1,60,600,1,4,1,1.296,46.302,44.242,NaN,,-0.355802173,1,0.34557592,-2.412895994,-0.257814471,-0.230118263,1.51E-07,15.28610774
130,200815,3,1,126,0,275,2,1,1,1,60,600,1,5,3,1.326,42,32,NaN,,-0.034482759,0,0.297427748,-2.696466084,-0.268445251,-0.128064096,4.54E-05,9.819422452
130,200815,3,1,157,30,275,2,1,0,1,60,600,1,5,2,0,45,30,NaN,,-0.034482759,0,0.439456565,-1.985802899,-0.177187105,-0.40215271,7.22E-10,20.0846955
129,200815,3,2,3,0,50,2,1,0,1,40,600,1,5,4,0.326,31.77,30.416,NaN,,0.048375019,0,0.402336499,-0.452054658,0.3619224,-0.175746507,9.22E-17,35.45055023
129,200815,3,2,33,30,50,2,1,1,1,40,600,1,4,0,1.186,35,30,NaN,,0.048375019,0,0.32305796,-0.910846747,0.198059411,-0.255223265,9.16E-13,27.03090937
129,200815,3,2,63,30,45,2,1,0,1,20,600,1,2,0,0,25,17,NaN,,0.285714286,0,0.228699297,1.288144421,0.063784989,0.219624323,0.000721146,7.165561457
129,200815,3,2,93,30,45,2,1,1,1,20,600,1,5,0,0.71,45,33,NaN,,0.285714286,0,0.333494334,-0.669380968,0.261528233,-0.206933454,1.40E-13,28.80558402
129,200815,3,2,128,0,75,2,1,0,1,0,600,1,5,0,0,27.164,29.206,NaN,,-0.061840357,0,0.35934411,-0.139207312,0.355867923,-0.04986192,1.37E-12,26.47127884
129,200815,3,2,158,30,75,2,1,1,1,0,600,1,5,0,0,24,20,NaN,,-0.061840357,0,0.340320404,-0.92068092,0.205988547,-0.270899789,6.41E-14,29.53358424
130,200815,3,2,3,0,175,2,1,1,1,40,600,1,5,0,1.854,41,38,NaN,,0.424056129,0,0.160723006,0.747004852,0.11792684,0.109202312,0.009901931,4.598075455
130,200815,3,2,33,30,175,2,1,0,1,40,600,1,5,3,0.844,16.582,25.17,NaN,,0.424056129,0,0.245855194,0.11888825,0.24411973,0.029160486,0.000451376,7.616041814
130,200815,3,2,63,30,45,2,1,1,1,20,600,1,5,1,1.496,46,27,NaN,,0.46031746,0,0.161909844,-0.263656705,0.156314799,-0.04219575,0.006388015,5.033241156
130,200815,3,2,93,30,45,2,1,0,1,20,600,1,2,1,0,17,15,NaN,,0.46031746,0,0.454617863,1.248797997,0.143869649,0.431252739,1.21E-10,21.70112712
130,200815,3,2,128,0,75,2,1,1,1,0,600,1,4,0,0.956,53,41,NaN,,0.532190454,0,0.127134819,-0.081485303,0.126712975,-0.010348159,0.025327998,3.669060546
130,200815,3,2,158,30,75,2,1,0,1,0,600,1,5,2,2.134,16.182,17.512,NaN,,0.532190454,0,0.425182548,0.590670996,0.353142668,0.236792008,3.21E-12,25.30922783
129,200816,3,1,2,30,50,2,1,0,1,0,600,1,5,3,1.8,40.556,37,NaN,,-0.006902031,0,0.39854639,2.684530913,-0.357636824,0.175883847,7.41E-14,29.06757822
129,200816,3,1,32,30,50,2,1,1,1,0,600,1,5,0,0,40,40,NaN,,-0.006902031,0,0.418146601,-0.65015634,0.332840168,-0.253108678,1.37E-18,39.34048057
129,200816,3,1,62,30,45,2,1,0,1,40,600,1,5,0,0,43.558,40.73,NaN,,0.03800879,0,0.514965799,-0.296332678,0.492520412,-0.150377584,1.37E-24,51.18162642
129,200816,3,1,92,30,45,2,1,1,1,40,600,1,5,0,0,47,29,NaN,,0.03800879,0,0.326608688,-0.570901243,0.274813219,-0.176496261,3.14E-13,28.0550609
129,200816,3,1,125,30,40,2,1,0,1,20,600,1,5,0,0,47.506,48.854,NaN,,-0.005354157,0,0.375404773,-0.119207428,0.372740602,-0.044645124,1.59E-13,28.4676062
129,200816,3,1,155,30,40,2,1,1,1,20,600,1,5,0,0,47,38,NaN,,-0.005354157,0,0.36371092,-0.699629533,0.27826824,-0.234205934,8.35E-16,33.60055079
130,200816,3,1,2,30,300,2,1,1,1,0,600,1,2,2,1.578,23,6,NaN,,-0.143580578,0,0.326046932,2.82880639,-0.310227103,0.100328195,1.25E-08,17.75320253
130,200816,3,1,32,30,300,2,1,0,1,0,600,1,4,5,1.714,30.712,8.538,NaN,,-0.143580578,0,0.408976407,2.129272249,-0.216714266,0.346838043,1.00E-15,33.11781685
130,200816,3,1,62,30,275,2,1,1,1,40,600,1,5,7,1.01,31,21,NaN,,0.006526186,0,0.112507596,-2.739594978,-0.103538628,-0.044019446,0.054245973,2.911330581
130,200816,3,1,92,30,275,2,1,0,1,40,600,1,5,2,1.584,30.598,22.204,NaN,,0.006526186,0,0.121762608,-0.007654761,0.121759041,-0.000932055,0.040480924,3.202444664
130,200816,3,1,125,30,200,2,1,1,1,20,600,1,5,1,0.994,59,32,NaN,,0.29445578,0,0.058999459,2.409802052,-0.043894365,0.039423608,0.434129855,0.835424688
130,200816,3,1,155,30,200,2,1,0,1,20,600,1,5,1,1.114,32.158,19.77,NaN,,0.29445578,0,0.073641736,1.304873642,0.019353021,0.071053261,0.315380464,1.155121429
130,200816,3,1,189,0,150,2,1,1,1,60,600,1,5,2,1.376,69,36,NaN,,0.58533223,0,0.163211998,-0.76856049,0.117335067,-0.113448836,0.004500034,5.380907583
130,200816,3,1,219,30,150,2,1,0,1,60,600,1,5,0,2.098,18.048,15.412,NaN,,0.58533223,0,0.521101302,1.210134322,0.183893379,0.487575422,1.35E-18,38.28806592
129,200818,3,1,2,0,45,2,1,0,1,40,400,1,2,3,0.368,36.038,38.358,NaN,,-0.756323408,1,0.279886231,-2.916829152,-0.272846209,-0.062379873,3.88E-08,16.76396865
129,200818,3,1,33,0,45,2,1,1,1,40,400,1,2,0,0.666,5,0,NaN,,-0.756323408,1,0.440288323,-0.700169597,0.336702974,-0.283698633,1.67E-22,47.68803652
129,200818,3,1,72,0,50,2,1,0,1,0,400,1,4,3,0,23.144,9.262,NaN,,0.266945395,0,0.736681895,1.98035136,-0.293347614,0.675756902,2.33E-37,71.093728
129,200818,3,1,102,0,50,2,1,1,1,0,400,1,5,2,0.166,40,8,NaN,,0.266945395,0,0.084584293,-0.038716996,0.084520905,-0.003274032,0.161365457,1.824398164
129,200818,3,1,132,0,50,2,1,0,1,0,600,1,5,1,0,30.322,29.046,NaN,,0.184037028,0,0.448050473,2.007491167,-0.189501512,0.40600296,4.16E-06,11.84420437
129,200818,3,1,162,0,50,2,1,1,1,0,600,1,5,0,0.19,44,42,NaN,,0.184037028,0,0.485374731,1.697740043,-0.06144992,0.481469144,1.21E-20,43.11271916
129,200818,3,1,192,0,45,2,1,0,1,40,600,1,5,0,0.736,50.876,41.22,NaN,,-0.008683929,0,0.379751327,-1.174989888,0.146414037,-0.35039121,3.54E-16,34.32223479
129,200818,3,1,222,0,45,2,1,1,1,40,600,1,5,0,0.188,50,38,NaN,,-0.008683929,0,0.516370878,1.498673526,0.037209835,0.515028458,7.40E-25,51.72794348
129,200818,3,1,252,0,40,2,1,0,1,20,600,1,5,0,1.122,36.762,36.786,NaN,,-0.024553385,0,0.306538862,-1.105875642,0.137437283,-0.274001947,2.77E-11,23.77341663
129,200818,3,1,282,0,40,2,1,1,1,20,600,1,5,0,0.854,35,32,NaN,,-0.024553385,0,0.343911056,-0.748182403,0.252061562,-0.233965346,5.53E-12,25.19253545
129,200818,3,1,312,0,35,2,1,0,1,60,600,1,5,0,0.182,38,31.59,NaN,,0.126436782,0,0.268185226,-0.950369309,0.155918237,-0.218203618,3.08E-09,19.27544852
129,200818,3,1,342,0,35,2,1,1,1,60,600,1,4,0,3.05,49,41,NaN,,0.126436782,0,0.275839919,0.038150061,0.27563921,0.010520757,6.91E-08,16.20667173
130,200818,3,1,2,0,150,2,1,1,1,40,400,1,0,0,0,9,0,NaN,,-0.489853758,1,NaN,0,NaN,NaN,NaN,NaN
130,200818,3,1,33,0,150,2,1,0,1,40,400,1,2,4,3.254,26.284,13,NaN,,-0.489853758,1,0.549235573,1.510384567,0.033160109,0.548233638,9.23E-28,57.3153457
130,200818,3,1,72,0,175,2,1,1,1,0,400,1,4,5,1.012,28,9,NaN,,-0.087025987,0,0.194068194,-1.221676366,0.066385099,-0.182360858,0.000714991,7.193530579
130,200818,3,1,102,0,175,2,1,0,1,0,400,1,5,3,2.042,33.338,19,NaN,,-0.087025987,0,0.687073461,1.641407348,-0.048474654,0.685361327,2.12E-27,53.34390332
130,200818,3,1,132,0,175,2,1,1,1,0,600,1,5,4,0.898,24,20,NaN,,-0.294117647,0,0.38951957,2.446432637,-0.299132029,0.249490531,6.26E-14,29.28302068
130,200818,3,1,162,0,175,2,1,0,1,0,600,1,5,3,1.986,44,42,NaN,,-0.294117647,0,0.240483814,1.532640467,0.00917364,0.240308779,5.14E-06,12.02915267
130,200818,3,1,192,0,150,2,1,1,1,40,600,1,5,3,1.636,56,7,NaN,,0.685224195,0,0.194787906,0.97614748,0.109123674,0.161351641,0.000339802,7.929946612
130,200818,3,1,222,0,150,2,1,0,1,40,600,1,5,1,0.828,10.46,7.538,NaN,,0.685224195,0,0.132879681,-1.120572256,0.05782489,-0.11963817,0.040712093,3.195918761
130,200818,3,1,252,0,125,2,1,1,1,20,600,1,5,1,1.77,26,12,NaN,,-0.026436007,0,0.333792628,1.621793474,-0.017015094,0.333358673,9.97E-07,13.48151973
130,200818,3,1,282,0,125,2,1,0,1,20,600,1,5,2,3.038,27.412,25.476,NaN,,-0.026436007,0,0.227787425,-2.530480834,-0.186560312,-0.130699506,7.02E-07,14.00951991
130,200818,3,1,312,0,100,2,1,1,1,60,600,1,2,0,1.932,29,0,NaN,,0.260869565,0,0.760872945,1.513800649,0.043342993,0.759637429,1.42E-17,32.41994774
130,200818,3,1,342,0,100,2,1,0,1,60,600,1,2,2,8.74,17,16,NaN,,0.260869565,0,0.384202634,1.317401356,0.09631651,0.371933857,2.01E-12,25.97965292
